Altium Designer Pick and Place Locations,,,,,,,,
C:\Users\Public\Documents\Altium\UTHP Truck Cape\Project Outputs for UTHP Truck Cape\Pick Place for UTHP PCB v3.csv,,,,,,,,
,,,,,,,,
========================================================================================================================,,,,,,,,
File Design Information:,,,,,,,,
,,,,,,,,
Date:       10/10/24,,,,,,,,
Time:       09:35,,,,,,,,
Revision:   417ae5c47d9e874bb7ee881ed2a1d762289343fb,,,,,,,,
Variant:    No variations,,,,,,,,
Units used: mil,,,,,,,,
,,,,,,,,
Designator,Comment,Layer,Footprint,Center-X(mil),Center-Y(mil),Rotation,Description,
C1,0.1uF,TopLayer,CAPC1608X90X35LL15T15,3025.001,4073,90,0.1 µF ±10% 50V Ceramic Capacitor X7R 0603 (1608 Metric),
C10,10uF,TopLayer,FP-MK325A-MFG,3757.999,1250,270,CAP CER 10UF 50V X7R 1210 UMK325AB7106KM-T,
C11,10uF,TopLayer,FP-MK325A-MFG,4037.999,1250,270,CAP CER 10UF 50V X7R 1210 UMK325AB7106KM-T,
C12,0.1uF,TopLayer,CAPC1608X90X35LL15T15,2722.001,4553,90,0.1 µF ±10% 50V Ceramic Capacitor X7R 0603 (1608 Metric),
C13,0.1uF,TopLayer,CAPC1608X90X35LL15T15,2807.592,4969.999,180,0.1 µF ±10% 50V Ceramic Capacitor X7R 0603 (1608 Metric),
C14,0.1uF,TopLayer,CAPC1608X90X35LL15T15,3334.997,3032.998,270,0.1 µF ±10% 50V Ceramic Capacitor X7R 0603 (1608 Metric),
C15,0.1uF,TopLayer,CAPC1608X90X35LL15T15,1389.999,3551.352,270,0.1 µF ±10% 50V Ceramic Capacitor X7R 0603 (1608 Metric),
C16,10uF,TopLayer,FP-MK325A-MFG,3362,320.001,0,CAP CER 10UF 50V X7R 1210 UMK325AB7106KM-T,
C17,0.1uF,TopLayer,CAPC1608X90X35LL15T15,922,5344.001,180,0.1 µF ±10% 50V Ceramic Capacitor X7R 0603 (1608 Metric),
C18,0.1uF,TopLayer,CAPC1608X90X35LL15T15,1546.999,3060.999,0,0.1 µF ±10% 50V Ceramic Capacitor X7R 0603 (1608 Metric),
C19,0.1uF,TopLayer,CAPC1608X90X35LL15T15,682.999,3570.409,270,0.1 µF ±10% 50V Ceramic Capacitor X7R 0603 (1608 Metric),
C2,0.1uF,TopLayer,CAPC1608X90X35LL15T15,2966.001,375,90,0.1 µF ±10% 50V Ceramic Capacitor X7R 0603 (1608 Metric),
C20,0.1uF,TopLayer,CAPC1608X90X35LL15T15,3543.999,2073.001,90,0.1 µF ±10% 50V Ceramic Capacitor X7R 0603 (1608 Metric),
C21,ECA-1HM221,TopLayer,CAPPR65-500-1250X1000X1350,4326.424,3187.999,0,"220 µF 50 V Aluminum Electrolytic Capacitors Radial, Can 2000 Hrs @ 85°C",
C22,ECA-1HM221,TopLayer,CAPPR65-500-1250X1000X1350,3902,3171.999,0,"220 µF 50 V Aluminum Electrolytic Capacitors Radial, Can 2000 Hrs @ 85°C",
C23,10uF,TopLayer,FP-MK325A-MFG,487.001,2593,90,CAP CER 10UF 50V X7R 1210,
C24,0.1uF,TopLayer,CAPC1608X90X35LL15T15,3336,675.001,0,0.1 µF ±10% 50V Ceramic Capacitor X7R 0603 (1608 Metric),
C25,0.1uF,TopLayer,CAPC1608X90X35LL15T15,1503,4346.999,180,0.1 µF ±10% 50V Ceramic Capacitor X7R 0603 (1608 Metric),
C26,0.1uF,TopLayer,CAPC1608X90X35LL15T15,4168.001,1252.999,270,0.1 µF ±10% 50V Ceramic Capacitor X7R 0603 (1608 Metric),
C27,0.1uF,TopLayer,CAPC1608X90X35LL15T15,3518,3942.001,0,0.1 µF ±10% 50V Ceramic Capacitor X7R 0603 (1608 Metric),
C28,C0603C201J5GACTU,TopLayer,FP-C0603C-CF-MFG,3354.999,3355.621,270,CAP CER 200PF 50V 5% NP0 0603,
C29,6pF,TopLayer,FP-CGA3E-0_3-0_1-MFG,2088.999,1833,90,Cap Ceramic 6pF 50V C0G 0.5pF Pad SMD 0603 +125°C Automotive T/R CGA3E2C0G1H060D080AA,
C3,0.1uF,TopLayer,CAPC1608X90X35LL15T15,1376.999,5319.999,0,0.1 µF ±10% 50V Ceramic Capacitor X7R 0603 (1608 Metric),
C30,6pF,TopLayer,FP-CGA3E-0_3-0_1-MFG,2086.001,1487,270,Cap Ceramic 6pF 50V C0G 0.5pF Pad SMD 0603 +125°C Automotive T/R CGA3E2C0G1H060D080AA,
C31,10uF,TopLayer,FP-MK325A-MFG,3897.999,1250,270,CAP CER 10UF 50V X7R 1210 UMK325AB7106KM-T,
C32,C0603C201J5GACTU,TopLayer,FP-C0603C-CF-MFG,3604.999,3311.999,270,CAP CER 200PF 50V 5% NP0 0603,
C33,5F,TopLayer,New_footprint_1,442.999,641.476,90,DSF505Q6R0JBG,
C34,10uF,TopLayer,FP-MK325A-MFG,3360,170.999,0,CAP CER 10UF 50V X7R 1210 UMK325AB7106KM-T,
C35,27 pF,TopLayer,CAPC1005X55X25LL05T10,3028.999,4744,90,"27 pF ±5% 50V Ceramic Capacitor C0G, NP0 0402 (1005 Metric)",
C36,27 pF,TopLayer,CAPC1005X55X25LL05T10,2797.999,4745,270,"27 pF ±5% 50V Ceramic Capacitor C0G, NP0 0402 (1005 Metric)",
C4,0.1uF,TopLayer,CAPC1608X90X35LL15T15,2680.001,5426,270,0.1 µF ±10% 50V Ceramic Capacitor X7R 0603 (1608 Metric),
C5,0.1uF,TopLayer,CAPC1608X90X35LL15T15,2682.001,5069,270,0.1 µF ±10% 50V Ceramic Capacitor X7R 0603 (1608 Metric),
C6,0.1uF,TopLayer,CAPC1608X90X35LL15T15,2669.001,4737,270,0.1 µF ±10% 50V Ceramic Capacitor X7R 0603 (1608 Metric),
C7,27 pF,TopLayer,CAPC1005X55X25LL05T10,3020.001,5466,90,"27 pF ±5% 50V Ceramic Capacitor C0G, NP0 0402 (1005 Metric)",
C8,27 pF,TopLayer,CAPC1005X55X25LL05T10,2777.001,5466,270,"27 pF ±5% 50V Ceramic Capacitor C0G, NP0 0402 (1005 Metric)",
C9,0.1uF,TopLayer,CAPC1608X90X35LL15T15,2669.001,4412,270,0.1 µF ±10% 50V Ceramic Capacitor X7R 0603 (1608 Metric),
R1,10k,TopLayer,FP-KTR03-IPC_B,2458.999,4115.999,270,"10 kOhms ±1% 0.1W, 1/10W Chip Resistor 0603 (1608 Metric) Automotive AEC-Q200, High Voltage Thick Film",
R10,4.7k,TopLayer,RESC1608X55X30NL15T15,969,5462.001,180,"4.7 kOhms ±1% 0.1W, 1/10W Chip Resistor 0603 (1608 Metric) Automotive AEC-Q200 Thick Film",
R11,Resistor 100k +/-1% 0603 100 mW,TopLayer,RESC1608X55X25ML10T15,1088.999,4871,90,"Chip Resistor, 100 KOhm, +/- 1%, 0.1 W, -55 to 155 degC, 0603 (1608 Metric)",
R12,10k,TopLayer,FP-KTR03-IPC_B,2436.001,972.999,180,"10 kOhms ±1% 0.1W, 1/10W Chip Resistor 0603 (1608 Metric) Automotive AEC-Q200, High Voltage Thick Film",
R13,10k,TopLayer,FP-KTR03-IPC_B,3043.001,974.999,180,"10 kOhms ±1% 0.1W, 1/10W Chip Resistor 0603 (1608 Metric) Automotive AEC-Q200, High Voltage Thick Film",
R14,10k,TopLayer,FP-KTR03-IPC_B,3626.999,3208.997,180,"10 kOhms ±1% 0.1W, 1/10W Chip Resistor 0603 (1608 Metric) Automotive AEC-Q200, High Voltage Thick Film",
R15,10k,TopLayer,FP-KTR03-IPC_B,2707.001,4066.999,180,"10 kOhms ±1% 0.1W, 1/10W Chip Resistor 0603 (1608 Metric) Automotive AEC-Q200, High Voltage Thick Film",
R16,RN731JTTD7061F25,TopLayer,FP-RN731J-IPC_C,3455.999,3307.999,180,"7.06kO ±1% 0.063W, 1/16W Chip Resistor 0603 (1608 Metric) Moisture Resistant Thin Film",
R17,47,TopLayer,RESC1609X50X30LL10T20,2828.999,4043,270,CRCW060347R0FKEA Res Thick Film 0603 47 Ohm 1% 1/10W ±100ppm/°C Molded SMD Paper T/R,
R18,10k,TopLayer,FP-KTR03-IPC_B,3331.999,3149.998,90,"10 kOhms ±1% 0.1W, 1/10W Chip Resistor 0603 (1608 Metric) Automotive AEC-Q200, High Voltage Thick Film",
R19,10k,TopLayer,FP-KTR03-IPC_B,515.999,4211.999,0,"10 kOhms ±1% 0.1W, 1/10W Chip Resistor 0603 (1608 Metric) Automotive AEC-Q200, High Voltage Thick Film",
R2,10k,TopLayer,FP-KTR03-IPC_B,1970.621,4222.999,180,"10 kOhms ±1% 0.1W, 1/10W Chip Resistor 0603 (1608 Metric) Automotive AEC-Q200, High Voltage Thick Film",
R20,4.7k,TopLayer,RESC1608X55X30NL15T15,1666.999,3843.944,90,"4.7 kOhms ±1% 0.1W, 1/10W Chip Resistor 0603 (1608 Metric) Automotive AEC-Q200 Thick Film",
R21,47,TopLayer,RESC1609X50X30LL10T20,1593.031,3832.133,270,CRCW060347R0FKEA Res Thick Film 0603 47 Ohm 1% 1/10W ±100ppm/°C Molded SMD Paper T/R,
R22,47,TopLayer,RESC1609X50X30LL10T20,1521.031,3832.133,270,CRCW060347R0FKEA Res Thick Film 0603 47 Ohm 1% 1/10W ±100ppm/°C Molded SMD Paper T/R,
R23,4.7k,TopLayer,RESC1608X55X30NL15T15,1450.999,3843.944,90,"4.7 kOhms ±1% 0.1W, 1/10W Chip Resistor 0603 (1608 Metric) Automotive AEC-Q200 Thick Film",
R24,4.7k,TopLayer,RESC1608X55X30NL15T15,922,5272.999,180,"4.7 kOhms ±1% 0.1W, 1/10W Chip Resistor 0603 (1608 Metric) Automotive AEC-Q200 Thick Film",
R25,10k,TopLayer,FP-KTR03-IPC_B,513.999,4304.001,0,"10 kOhms ±1% 0.1W, 1/10W Chip Resistor 0603 (1608 Metric) Automotive AEC-Q200, High Voltage Thick Film",
R26,10k,TopLayer,FP-KTR03-IPC_B,2196.999,4916.998,270,"10 kOhms ±1% 0.1W, 1/10W Chip Resistor 0603 (1608 Metric) Automotive AEC-Q200, High Voltage Thick Film",
R27,10k,TopLayer,FP-KTR03-IPC_B,1964.001,4414.999,0,"10 kOhms ±1% 0.1W, 1/10W Chip Resistor 0603 (1608 Metric) Automotive AEC-Q200, High Voltage Thick Film",
R3,47,TopLayer,RESC1609X50X30LL10T20,1792.999,2466.999,90,CRCW060347R0FKEA Res Thick Film 0603 47 Ohm 1% 1/10W ±100ppm/°C Molded SMD Paper T/R,
R32,4.7k,TopLayer,RESC1608X55X30NL15T15,2263,1146.999,180,"4.7 kOhms ±1% 0.1W, 1/10W Chip Resistor 0603 (1608 Metric) Automotive AEC-Q200 Thick Film",
R33,4.7k,TopLayer,RESC1608X55X30NL15T15,2263,1076.999,180,"4.7 kOhms ±1% 0.1W, 1/10W Chip Resistor 0603 (1608 Metric) Automotive AEC-Q200 Thick Film",
R34,47,TopLayer,RESC1609X50X30LL10T20,1710.499,2466.999,90,CRCW060347R0FKEA Res Thick Film 0603 47 Ohm 1% 1/10W ±100ppm/°C Molded SMD Paper T/R,
R35,47,TopLayer,RESC1609X50X30LL10T20,1627.999,2466.999,90,CRCW060347R0FKEA Res Thick Film 0603 47 Ohm 1% 1/10W ±100ppm/°C Molded SMD Paper T/R,
R36,10k,TopLayer,FP-KTR03-IPC_B,4279.999,1196.999,0,"10 kOhms ±1% 0.1W, 1/10W Chip Resistor 0603 (1608 Metric) Automotive AEC-Q200, High Voltage Thick Film",
R37,0,TopLayer,FP-RMCF0805-MFG,264.683,1688,270,RES 0 OHM JUMPER 1/8W 0805,
R38,10k,TopLayer,FP-KTR03-IPC_B,385.683,1684.999,90,"10 kOhms ±1% 0.1W, 1/10W Chip Resistor 0603 (1608 Metric) Automotive AEC-Q200, High Voltage Thick Film",
R39,10k,TopLayer,FP-KTR03-IPC_B,2354.999,4118.999,90,"10 kOhms ±1% 0.1W, 1/10W Chip Resistor 0603 (1608 Metric) Automotive AEC-Q200, High Voltage Thick Film",
R4,100,TopLayer,FP-CRGCQ0603-IPC_C,335,5883.999,0,CRGCQ0603 100O 1% ±200ppm/°C 75V,
R40,10k,TopLayer,FP-KTR03-IPC_B,1943.999,4020.001,180,"10 kOhms ±1% 0.1W, 1/10W Chip Resistor 0603 (1608 Metric) Automotive AEC-Q200, High Voltage Thick Film",
R41,10k,TopLayer,FP-KTR03-IPC_B,1657.001,3094.001,270,"10 kOhms ±1% 0.1W, 1/10W Chip Resistor 0603 (1608 Metric) Automotive AEC-Q200, High Voltage Thick Film",
R42,10k,TopLayer,FP-KTR03-IPC_B,1774.001,3089.001,270,"10 kOhms ±1% 0.1W, 1/10W Chip Resistor 0603 (1608 Metric) Automotive AEC-Q200, High Voltage Thick Film",
R45,47,TopLayer,RESC1609X50X30LL10T20,1545.499,2466.999,90,CRCW060347R0FKEA Res Thick Film 0603 47 Ohm 1% 1/10W ±100ppm/°C Molded SMD Paper T/R,
R46,47,TopLayer,RESC1609X50X30LL10T20,1462.999,2466.999,90,CRCW060347R0FKEA Res Thick Film 0603 47 Ohm 1% 1/10W ±100ppm/°C Molded SMD Paper T/R,
R5,100,TopLayer,FP-CRGCQ0603-IPC_C,697,5887.001,180,CRGCQ0603 100O 1% ±200ppm/°C 75V,
R6,100,TopLayer,FP-CRGCQ0603-IPC_C,2886,5877.999,0,CRGCQ0603 100O 1% ±200ppm/°C 75V,
R7,100,TopLayer,FP-CRGCQ0603-IPC_C,3216,5884.999,180,CRGCQ0603 100O 1% ±200ppm/°C 75V,
R8,10k,TopLayer,FP-KTR03-IPC_B,692.999,4089.999,180,"10 kOhms ±1% 0.1W, 1/10W Chip Resistor 0603 (1608 Metric) Automotive AEC-Q200, High Voltage Thick Film",
R9,10k,TopLayer,FP-KTR03-IPC_B,3515.623,4019.001,180,"10 kOhms ±1% 0.1W, 1/10W Chip Resistor 0603 (1608 Metric) Automotive AEC-Q200, High Voltage Thick Film",
U1,MCP1525T-I/TT,TopLayer,SOT-23-TT3_M,3347.629,544.999,0,"2.5V Voltage Reference, 3-Pin SOT-23, Industrial Temperature, Tape and Reel",
U10,RPMB5.0-3.0,TopLayer,New_footprint_1,3925.314,1692.156,0,"DC-DC Converter, Encapsulated, SMD, 5V@3A, 5.5-36V in, RPMB-3.0 Series",
U11,SN74LVCH16T245DGGR,TopLayer,FP-DGG0048A-MFG,1625.999,2796.001,270,Translation Transceiver 2 Element 8 Bit per Element 3-State Output 48-TSSOP,
U13,MCP7940NT-I/SN,TopLayer,SOIC-SN8_M,2024,1151.999,0,"Real Time Clock (RTC) IC Clock/Calendar 64B I²C, 2-Wire Serial 8-SOIC (0.154"," 3.90mm Width)"""
U15,74AHCT1G14 Inverter,TopLayer,SOT-353,1617,3365.944,90,Single Schmidt Trigger Inverter,
U6,MCP2518FDT-E/SL,TopLayer,FP-C04-065-SL-IPC_C,2901.184,5183.999,180,IC CAN CONTROLLER SPI 14SOIC,
U17,TLV9061SIDBVR,TopLayer,FP-DBV0006A-MFG,3467.998,3171.998,180,IC CMOS 1 CIRCUIT SOT23-6,
U2,MCP2003B-E/SN,TopLayer,FP-C04-057-IPC_B,1158.209,5293.999,0,IC TRANSCEIVER HALF 1/1 8SOIC,
U26,THVD1410DR,TopLayer,FP-D0008A-IPC_B,1557.999,3621,90,1/1 Transceiver Half RS485 8-SOIC,
U3,MCP2562FDT-E/SN,TopLayer,FP-C04-057-SN-MFG,2480,5423.001,180,1/1 Transceiver CANbus 8-SOIC,
U27,SN74LVCH16T245DGGR,TopLayer,FP-DGG0048A-MFG,1303.621,4596.637,90,Translation Transceiver 2 Element 8 Bit per Element 3-State Output 48-TSSOP,
U4,MCP2562FDT-E/SN,TopLayer,FP-C04-057-SN-MFG,2479,5068.001,180,1/1 Transceiver CANbus 8-SOIC,
U5,MCP2562FDT-E/SN,TopLayer,FP-C04-057-SN-MFG,2482,4732.999,180,1/1 Transceiver CANbus 8-SOIC,
U7,MCP2562FDT-E/SN,TopLayer,FP-C04-057-SN-MFG,2486,4407.999,180,1/1 Transceiver CANbus 8-SOIC,
U8,MCP2518FDT-E/SL,TopLayer,FP-C04-065-SL-IPC_C,2930.182,4469.999,180,IC CAN CONTROLLER SPI 14SOIC,
U9,TLV9061SIDBVR,TopLayer,FP-DBV0006A-MFG,693,4263,270,IC CMOS 1 CIRCUIT SOT23-6,
BT1,796136-1,BottomLayer,TECO-796136-1_V,1050,526.999,180,"Battery Connector, 1 Cell, CR2032, 2-Pin SMD, RoHS, Tape and Reel",
D1,SMBJ24CA,TopLayer,VISH-DO-214AA-A-2_V,1420.001,5141,90,"TRANSZORB(R) Transient Voltage Suppressor, 24 V, -55 to 150 degC, 2-Pin DO-214AA (SMBJ), RoHS, Tape and Reel",
D10,1SMB5920BT3G,TopLayer,ONSC-SMB-2-403A-03_H_V,4393.999,1347.999,180,"3 W Zener Voltage Regulator, 2-Pin SMB, Pb-Free, Tape and Reel",
D2,SMBJ24CA,TopLayer,VISH-DO-214AA-A-2_V,3602.001,2294,90,38.9V Clamp 15.4A Ipp Tvs Diode Surface Mount DO-214AA (SMBJ),
DS1,Red LED,TopLayer,LTST-C191KRKT_V,393.7,6114.999,180,"LED Uni-Color Red, 62.5 mW, 25 mA, -30 to 85 degC, 2-Pin SMD, RoHS, Tape and Reel",
DS2,Green LED,TopLayer,LTST-C190GKT_V,787.402,6114.999,180,"LED Uni-Color Green, 100 mW, 30 mA, -55 to 85 degC, 2-Pin SMD, RoHS, Tape and Reel",
DS3,Blue LED,TopLayer,LTST-C190TBKT-2_V,2875,6111.999,0,"LED Uni-Color Blue, 76 mW, 20 mA, -20 to 80 degC, 2-Pin SMD, RoHS, Tape and Reel",
DS4,Yellow LED,TopLayer,LTST-C190KSKT_V,3280.536,6104.669,0,"LED Uni-Color Yellow, 75 mW, 30 mA, -30 to 85 degC, 2-Pin SMD, RoHS, Tape and Reel",
F1,2016L075/60MR,TopLayer,FP-2016L075-60MR-MFG,3666,2571.001,180,PTC RESET FUSE 60V 750MA 2016,
J1,10 Pos Header,TopLayer,10_pos_Mini-Fit_Jr._R/A_Header,4114.707,4310.431,180,"Connector Header Through Hole, Right Angle 10 position 0.165 (4.20mm)""",
J2,FTSH-107-01-F-DV-K,TopLayer,FP-FTSH-107-01-F-DV-K-MFG,1859.001,5313.999,180,CONN HEADER SMD 14POS 1.27MM,
J3,BHR-20-VUA,TopLayer,BHR-20-VUA_ADM,3870.999,3601.999,180,No Description Available,
J5,D Connector 15,TopLayer,DSUB1.385-2H15,1834,5924.984,0,"Receptacle Assembly, 15 Position, Right Angle",
L1,VSAB1770-560M,TopLayer,VSAB1770-560M-Footprint-1,4189.999,2484.566,180,Automotive Molded Power Inductor,
L2,2.2uH,TopLayer,FP-LQM2HPN_G0-IPC_C,3695.998,2083.999,0,2.2 µH Shielded Inductor 4 A 73mOhm Max 1210 (3225 Metric) Flat Wire,
Q1,FOD817DSD,TopLayer,FP-709AH-MFG,2747,1027.999,180,OPTOISOLATOR 5KV TRANSISTOR 4SMD,
Q2,IPD90P03P4L-04,TopLayer,INF-PG-TO252-3-11_M,4393.763,1679.731,90,"OptiMOS-P2 Power-Transistor, -30 V VDS, -90 A ID, PG-TO252-3-11, Reel, Green",
X1,ECS-.327-6-17X-C-TR,TopLayer,ECS-.327-6-17X-C-TR-Footprint-1,1977.267,1662.007,180,ECX306X Series 32.76 kHz ±10 ppm 6 pF -40 to +85 °C Surface Mount Crystal,
Y1,40 MHz,TopLayer,FP-ABM8G-MFG,2897,5466,180,"40 MHz ±20ppm Crystal 18pF 50 Ohms 4-SMD, No Lead",
Y2,40 MHz,TopLayer,FP-ABM8G-MFG,2908,4745,180,"40 MHz ±20ppm Crystal 18pF 50 Ohms 4-SMD, No Lead",
